year,imdb,title,test,clean_test,binary,budget,domgross,intgross,code,budget_2013,domgross_2013,intgross_2013,period_code,decade_code
2000,tt0191754,28 Days,ok,ok,PASS,43000000,37035515,62063972,2000PASS,58175060,50105659,83966868,3,2
2000,tt0181875,Almost Famous,ok,ok,PASS,60000000,32522352,47371191,2000PASS,81174503,43999763,64088881,3,2
2000,tt0144084,American Psycho,notalk-disagree,notalk,FAIL,8000000,15070285,28674417,2000FAIL,10823267,20388715,38793859,3,2
2000,tt0221889,Beautiful Creatures,ok,ok,PASS,50000000,19452138,55940671,2000PASS,67645419,26316961,75682603,3,2
2000,tt0218839,Best in Show,ok,ok,PASS,6000000,18621249,20695413,2000PASS,8117450,25192844,27998998,3,2
2000,tt0249462,Billy Elliot,ok,ok,PASS,5000000,21995263,109280263,2000PASS,6764542,29757576,147846184,3,2
2000,tt0181984,Boiler Room,notalk,notalk,FAIL,9000000,16963963,28773637,2000FAIL,12176175,22950688,38928095,3,2
2000,tt0204946,Bring It On,ok,ok,PASS,10000000,68353550,90453550,2000PASS,13529084,92476091,122375366,3,2
2000,tt0162222,Cast Away,notalk,notalk,FAIL,85000000,233632142,427230516,2000FAIL,114997212,316082883,578003746,3,2
2000,tt0173716,Cecil B. Demented,ok,ok,PASS,10000000,1276984,1953882,2000PASS,13529084,1727642,2643423,3,2
2000,tt0210616,Center Stage,ok,ok,PASS,18000000,17200925,17200925,2000PASS,24352351,23271276,23271276,3,2
2000,tt0160127,Charlie's Angels,ok,ok,PASS,90000000,125305545,259736090,2000PASS,121761754,169526922,351399133,3,2
2000,tt0120630,Chicken Run,ok,ok,PASS,42000000,106793915,227793915,2000PASS,56822152,144482383,308184297,3,2
2000,tt0241303,Chocolat,ok,ok,PASS,25000000,71309760,152500343,2000PASS,33822710,96475572,206318992,3,2
2000,tt0200550,Coyote Ugly,men-disagree,men,FAIL,45000000,60786269,115786269,2000FAIL,60880877,82238253,156648214,3,2
2000,tt0168629,Dancer in the Dark,ok,ok,PASS,12500000,4157491,45557491,2000PASS,16911355,5624704,61635111,3,2
2000,tt0242423,"Dude, Where's My Car",men,men,FAIL,14000000,46729374,73180297,2000FAIL,18940717,63220562,99006237,3,2
2000,tt0142032,Dune,ok,ok,PASS,45000000,27447471,27447471,2000PASS,60880877,37133914,37133914,3,2
2000,tt0195685,Erin Brockovich,ok,ok,PASS,50000000,125548685,257805243,2000PASS,67645419,169855868,348786874,3,2
2000,tt0195714,Final Destination,notalk,notalk,FAIL,23000000,53302314,112036870,2000FAIL,31116893,72113147,151575620,3,2
2000,tt0172495,Gladiator,nowomen,nowomen,FAIL,103000000,187683805,457683805,2000FAIL,139349563,253918993,619204256,3,2
2000,tt0187078,Gone in Sixty Seconds,notalk,notalk,FAIL,103300000,101643008,232643008,2000FAIL,139755436,137513677,314744675,3,2
2000,tt0146882,High Fidelity,men,men,FAIL,20000000,27277055,47881663,2000FAIL,27058168,36903356,64779503,3,2
2000,tt0164052,Hollow Man,ok,ok,PASS,90000000,73209340,191200000,2000PASS,121761754,99045530,258676083,3,2
2000,tt0185431,Little Nicky,notalk,notalk,FAIL,80000000,39442871,58270391,2000FAIL,108232671,53362591,78834500,3,2
2000,tt0199725,Love & Basketball,ok,ok,PASS,15000000,27441122,27709625,2000PASS,20293626,37125324,37488584,3,2
2000,tt0212338,Meet the Parents,men,men,FAIL,55000000,166225040,304599899,2000FAIL,74409961,224887250,412095756,3,2
2000,tt0209144,Memento,notalk,notalk,FAIL,5000000,25544867,39723096,2000FAIL,6764542,34559865,53741710,3,2
2000,tt0212346,Miss Congeniality,ok,ok,PASS,45000000,106807667,213420951,2000PASS,60880877,144500988,288738993,3,2
2000,tt0183523,Mission to Mars,notalk,notalk,FAIL,90000000,60874615,1.06E+08,2000FAIL,121761754,82357777,143408288,3,2
2000,tt0190590,"O Brother, Where Art Thou?",nowomen-disagree,nowomen,FAIL,26000000,45506619,75763814,2000FAIL,35175618,61566286,102501499,3,2
2000,tt0134847,Pitch Black,ok,ok,PASS,23000000,39235088,53182088,2000PASS,31116893,53081479,71950493,3,2
2000,tt0257001,Pokemon: The Movie 2000,men,men,FAIL,30000000,43746923,133946923,2000FAIL,40587251,59185579,181217915,3,2
2000,tt0199753,Red Planet,nowomen,nowomen,FAIL,80000000,17480890,33463969,2000FAIL,108232671,23650043,45273684,3,2
2000,tt0210945,Remember the Titans,notalk-disagree,notalk,FAIL,30000000,115654751,136706683,2000FAIL,40587251,156470282,184951617,3,2
2000,tt0180093,Requiem for a Dream,ok,ok,PASS,4500000,3635482,7390108,2000PASS,6088088,4918474,9998139,3,2
2000,tt0122459,Return to Me,dubious-disagree,dubious,FAIL,24000000,32662299,32662299,2000FAIL,32469801,44189098,44189098,3,2
2000,tt0165929,Romeo Must Die,nowomen,nowomen,FAIL,25000000,55973336,91036760,2000FAIL,33822710,75726795,123164396,3,2
2000,tt0213203,Rugrats in Paris:,ok,ok,PASS,30000000,76501438,103284813,2000PASS,40587251,103499437,139734889,3,2
2000,tt0195234,Saving Grace,ok,ok,PASS,4000000,12178602,27786849,2000PASS,5411634,16476533,37593061,3,2
2000,tt0134084,Scream 3,ok,ok,PASS,40000000,89138076,161838076,2000PASS,54116335,120595650,218952089,3,2
2000,tt0203119,Sexy Beast,men,men,FAIL,4300000,6946056,10154577,2000FAIL,5817506,9397377,13738212,3,2
2000,tt0184894,Shanghai Noon,notalk-disagree,notalk,FAIL,55000000,56932305,71189835,2000FAIL,74409961,77024193,96313324,3,2
2000,tt0208092,Snatch.,nowomen-disagree,nowomen,FAIL,10000000,30093107,83593107,2000FAIL,13529084,40713217,113093815,3,2
2000,tt0210299,Songcatcher,ok,ok,PASS,1800000,3050934,3050934,2000PASS,2435235,4127634,4127634,3,2
2000,tt0163978,The Beach,notalk,notalk,FAIL,50000000,39778599,39778599,2000FAIL,67645419,53816800,53816800,3,2
2000,tt0209958,The Cell,men,men,FAIL,35000000,61280963,85911226,2000FAIL,47351793,82907528,116230018,3,2
2000,tt0120917,The Emperor's New Groove,ok-disagree,ok,PASS,100000000,89296573,169296573,2000PASS,135290838,120810082,229042753,3,2
2000,tt0219699,The Gift,dubious,dubious,FAIL,10000000,12008642,44567606,2000FAIL,13529084,16246592,60295888,3,2
2000,tt0187393,The Patriot,dubious,dubious,FAIL,110000000,113330342,215300000,2000FAIL,148819922,153325570,291281175,3,2
2000,tt0138749,The Road to El Dorado,nowomen,nowomen,FAIL,95000000,50802661,65700000,2000FAIL,128526296,68731346,88886081,3,2
2000,tt0202677,The Way of the Gun,men,men,FAIL,9000000,6047856,13061935,2000FAIL,12176175,8182195,17671601,3,2
2000,tt0190138,The Whole Nine Yards,ok,ok,PASS,24000000,57262492,85527867,2000PASS,32469801,77470905,115711368,3,2
2000,tt0146309,Thirteen days,notalk,notalk,FAIL,80000000,34566746,66554547,2000FAIL,108232671,46765640,90042204,3,2
2000,tt0120913,Titan A.E.,ok,ok,PASS,75000000,22751979,36751979,2000PASS,101468129,30781343,49722060,3,2
2000,tt0217869,Unbreakable,nowomen-disagree,nowomen,FAIL,73243106,94999143,248099143,2000FAIL,99091212,128525137,335655410,3,2
2000,tt0182508,Urbania,notalk,notalk,FAIL,225000,1032075,1032075,2000FAIL,304404,1396303,1396303,3,2
2000,tt0190865,Vertical Limit,notalk,notalk,FAIL,75000000,68473360,213500000,2000FAIL,101468129,92638183,288845939,3,2
2000,tt0161081,What Lies Beneath,ok,ok,PASS,90000000,155464351,288693989,2000PASS,121761754,210329023,390576517,3,2
2000,tt0207201,What Women Want,notalk-disagree,notalk,FAIL,65000000,182805123,372100000,2000FAIL,87939045,247318583,503417209,3,2
2000,tt0198021,Where the Heart Is,ok,ok,PASS,15000000,33771174,40862054,2000PASS,20293626,45689304,55282615,3,2
2000,tt0190332,"Wo hu cang long (Crouching Tiger, Hidden Dragon)",ok,ok,PASS,15000000,128067808,213200000,2000PASS,20293626,173264011,288440067,3,2
2000,tt0120903,X-Men,notalk-disagree,notalk,FAIL,75000000,157299717,296339717,2000FAIL,101468129,212812106,400920487,3,2
1999,tt0147800,10 Things I Hate About You,ok,ok,PASS,13000000,38177966,60414025,1999PASS,18180006,53390436,84486720,4,3
1999,tt0134273,8MM,notalk,notalk,FAIL,40000000,36443442,96398826,1999FAIL,55938481,50964770,134810098,4,3
1999,tt0169547,American Beauty,ok,ok,PASS,15000000,130058047,356258047,1999PASS,20976930,181881240,498213351,4,3
1999,tt0163651,American Pie,men,men,FAIL,12000000,101800948,234723148,1999FAIL,16781544,142364760,328251410,4,3
1999,tt0122933,Analyze This,notalk,notalk,FAIL,30000000,106885658,176885658,1999FAIL,41953861,149475534,247367876,4,3
1999,tt0166485,Anna and the King,men,men,FAIL,75000000,39251128,39251128,1999FAIL,104884652,54891212,54891212,4,3
1999,tt0149691,Anywhere But Here,dubious,dubious,FAIL,23000000,18653615,18653615,1999FAIL,32164627,26086372,26086372,4,3
1999,tt0145660,Austin Powers: The Spy Who Shagged Me,notalk-disagree,notalk,FAIL,35000000,206040085,310332636,1999FAIL,48946171,288139235,433988407,4,3
1999,tt0120601,Being John Malkovich,ok,ok,PASS,13000000,22858926,32382381,1999PASS,18180006,31967340,45285530,4,3
1999,tt0165643,Black and White,ok,ok,PASS,10000000,5241315,5241315,1999PASS,13984620,7329780,7329780,4,3
1999,tt0181316,Blue Streak,notalk,notalk,FAIL,36000000,68208190,117448157,1999FAIL,50344633,95386564,164246788,4,3
1999,tt0171804,Boys Don't Cry,ok-disagree,ok,PASS,2000000,11540607,20741000,1999PASS,2796924,16139101,29005501,4,3
1999,tt0179116,But I'm a Cheerleader,ok,ok,PASS,1200000,2205627,2629191,1999PASS,1678154,3084486,3676824,4,3
1999,tt0144814,Carrie 2: The Rage,ok,ok,PASS,21000000,17760244,17760244,1999PASS,29367703,24837027,24837027,4,3
1999,tt0139134,Cruel Intentions,ok,ok,PASS,11000000,38230075,75803716,1999PASS,15383082,53463308,106008618,4,3
1999,tt0144168,Dick,ok,ok,PASS,13000000,6276869,6276869,1999PASS,18180006,8777963,8777963,4,3
1999,tt0120655,Dogma,dubious-disagree,dubious,FAIL,10000000,30651422,43948865,1999FAIL,13984620,42864850,61460819,4,3
1999,tt0157503,Drop Dead Gorgeous,ok,ok,PASS,10000000,10571408,10571408,1999PASS,13984620,14783713,14783713,4,3
1999,tt0126886,Election,ok,ok,PASS,8500000,14943582,17202854,1999PASS,11886927,20898032,24057538,4,3
1999,tt0120663,Eyes Wide Shut,ok,ok,PASS,65000000,55691208,86257553,1999PASS,90900032,77882040,120627912,4,3
1999,tt0137523,Fight Club,notalk-disagree,notalk,FAIL,65000000,37030102,100853753,1999FAIL,90900032,51785192,141040144,4,3
1999,tt0155711,Flawless,notalk,notalk,FAIL,27000000,4485485,4485485,1999FAIL,37758475,6272780,6272780,4,3
1999,tt0126916,For Love of the Game,men,men,FAIL,50000000,35188640,46112640,1999FAIL,69923101,49209977,64486776,4,3
1999,tt0177789,Galaxy Quest,notalk-disagree,notalk,FAIL,45000000,71423726,90523726,1999FAIL,62930791,99883369,126593993,4,3
1999,tt0172493,"Girl, Interrupted",ok,ok,PASS,24000000,28871190,28871190,1999PASS,33563089,40375263,40375263,4,3
1999,tt0139239,Go!,ok,ok,PASS,6500000,16875273,28383441,1999PASS,9090003,23599429,39693164,4,3
1999,tt0155776,Jawbreaker,ok,ok,PASS,3000000,3076820,3076820,1999PASS,4195386,4302816,4302816,4,3
1999,tt0175880,Magnolia,notalk-disagree,notalk,FAIL,37000000,22450975,48446802,1999FAIL,51743095,31396836,67751013,4,3
1999,tt0158811,Muppets From Space,ok,ok,PASS,24000000,16304786,16304786,1999PASS,33563089,22801624,22801624,4,3
1999,tt0132347,Mystery Men,nowomen-disagree,nowomen,FAIL,68000000,29762011,33462011,1999FAIL,95095418,41621042,46795352,4,3
1999,tt0125439,Notting Hill,ok,ok,PASS,42000000,116089678,363728226,1999PASS,58735405,162347007,508660113,4,3
1999,tt0151804,Office Space,notalk,notalk,FAIL,10000000,10827813,12827813,1999FAIL,13984620,15142285,17939209,4,3
1999,tt0120784,Payback,notalk,notalk,FAIL,50000000,81526121,161626121,1999FAIL,69923101,114011185,226027993,4,3
1999,tt0190641,Pocket Monsters: Mewtwo Strikes Back!,notalk-disagree,notalk,FAIL,30000000,85744662,163644662,1999FAIL,41953861,119910654,228850846,4,3
1999,tt0129332,Ravenous,notalk,notalk,FAIL,12000000,2062406,2062406,1999FAIL,16781544,2884196,2884196,4,3
1999,tt0162661,Sleepy Hollow,ok,ok,PASS,70000000,101068340,207068340,1999PASS,97892342,141340236,289577211,4,3
1999,tt0158983,South Park: Bigger Longer & Uncut,dubious-disagree,dubious,FAIL,21000000,52037603,52037603,1999FAIL,29367703,72772612,72772612,4,3
1999,tt0120915,Star Wars: Episode I - The Phantom Menace,ok,ok,PASS,115000000,474544677,1007044677,1999PASS,160823133,663632711,1408313741,4,3
1999,tt0164912,Stuart Little,notalk-disagree,notalk,FAIL,105000000,140015224,298800000,1999FAIL,146838513,195805974,417860454,4,3
1999,tt0120855,Tarzan,men-disagree,men,FAIL,145000000,171091819,448191819,1999FAIL,202776994,239265412,626779240,4,3
1999,tt0120657,The 13th Warrior,dubious-disagree,dubious,FAIL,125000000,32698899,61698899,1999FAIL,174807753,45728169,86283567,4,3
1999,tt0185937,The Blair Witch Project,ok,ok,PASS,600000,140539099,248300000,1999PASS,839077,196538593,347238122,4,3
1999,tt0144117,The Boondock Saints,nowomen-disagree,nowomen,FAIL,7000000,30471,411874,1999FAIL,9789234,42613,575990,4,3
1999,tt0120689,The Green Mile,notalk-disagree,notalk,FAIL,60000000,136801374,290701374,1999FAIL,83907722,191311527,406534833,4,3
1999,tt0171363,The Haunting,ok,ok,PASS,80000000,91188905,180188905,1999PASS,111876962,127524221,251987342,4,3
1999,tt0129167,The Iron Giant,nowomen-disagree,nowomen,FAIL,50000000,23159305,31333917,1999FAIL,69923101,32387409,43819293,4,3
1999,tt0133093,The Matrix,ok-disagree,ok,PASS,65000000,171479930,460279930,1999PASS,90900032,239808171,643684004,4,3
1999,tt0120616,The Mummy,notalk,notalk,FAIL,80000000,155385488,416385488,1999FAIL,111876962,217300705,582299294,4,3
1999,tt0167404,The Sixth Sense,dubious-disagree,dubious,FAIL,40000000,293506292,672806292,1999FAIL,55938481,410457404,940894052,4,3
1999,tt0134119,The Talented Mr. Ripley,dubious,dubious,FAIL,40000000,81292135,128792135,1999FAIL,55938481,113683964,180110910,4,3
1999,tt0144640,Three to Tango,notalk,notalk,FAIL,20000000,10570375,10570375,1999FAIL,27969241,14782268,14782268,4,3
1999,tt0151568,Topsy-Turvy,ok,ok,PASS,20000000,6201757,6201757,1999PASS,27969241,8672922,8672922,4,3
1999,tt0120363,Toy Story 2,notalk-disagree,notalk,FAIL,90000000,245852179,511358276,1999FAIL,125861583,343814937,715115132,4,3
1999,tt0120458,Virus,dubious,dubious,FAIL,75000000,14010690,30626690,1999FAIL,104884652,19593418,42830263,4,3
1999,tt0120891,Wild Wild West,men,men,FAIL,175000000,113805681,221229335,1999FAIL,244730855,159152923,309380824,4,3
1999,tt0131646,Wing Commander,men,men,FAIL,30000000,11578022,11578022,1999FAIL,41953861,16191424,16191424,4,3
1998,tt0120577,54,notalk,notalk,FAIL,13000000,16757163,16757163,1998FAIL,18578720,23948203,23948203,4,3
1998,tt0120623,A Bug's Life,ok,ok,PASS,45000000,162798565,363095319,1998PASS,64310954,232660690,518911253,4,3
1998,tt0120586,American History X,men-disagree,men,FAIL,10000000,6719864,6719864,1998FAIL,14291323,9603575,9603575,4,3
1998,tt0120591,Armageddon,notalk,notalk,FAIL,140000000,201578182,554600000,1998FAIL,200078524,288081893,792596781,4,3
1998,tt0120603,Beloved,ok,ok,PASS,53000000,22852487,22852487,1998PASS,75744013,32659228,32659228,4,3
1998,tt0120611,Blade,notalk,notalk,FAIL,45000000,70141876,131237688,1998FAIL,64310954,100242021,187556021,4,3
1998,tt0144120,Bride of Chucky,notalk,notalk,FAIL,25000000,32404188,50692188,1998FAIL,35728308,46309872,72445844,4,3
1998,tt0118789,Buffalo '66,notalk,notalk,FAIL,1500000,2380606,2380606,1998FAIL,2143698,3402201,3402201,4,3
1998,tt0118929,Dark City,notalk-disagree,notalk,FAIL,27000000,14435076,27257061,1998FAIL,38586572,20629634,38953947,4,3
1998,tt0120647,Deep Impact,ok,ok,PASS,80000000,140464664,349464664,1998PASS,114330585,200742590,499431243,4,3
1998,tt0134619,Disturbing Behavior,notalk,notalk,FAIL,15000000,17507368,17507368,1998FAIL,21436985,25020345,25020345,4,3
1998,tt0127536,Elizabeth,ok,ok,PASS,25000000,30082699,82150642,1998PASS,35728308,42992157,117404137,4,3
1998,tt0120660,Enemy of the State,notalk,notalk,FAIL,85000000,111549836,250649836,1998FAIL,121476247,159419475,358211780,4,3
1998,tt0120631,Ever After,ok,ok,PASS,26000000,65705772,65705772,1998PASS,37157440,93902242,93902242,4,3
1998,tt0120669,Fear and Loathing in Las Vegas,notalk,notalk,FAIL,18500000,10680275,13711903,1998FAIL,26438948,15263526,19596124,4,3
1998,tt0154420,Festen (The Celebration),dubious-disagree,dubious,FAIL,1300000,1647780,1647780,1998FAIL,1857872,2354896,2354896,4,3
1998,tt0162973,Get Real,men,men,FAIL,2000000,1152411,1152411,1998FAIL,2858265,1646948,1646948,4,3
1998,tt0120685,Godzilla,dubious,dubious,FAIL,125000000,136314294,3.76E+08,1998FAIL,178641539,194811162,537353750,4,3
1998,tt0120694,Halloween H20: 20 Years Later,ok,ok,PASS,17000000,55041738,55041738,1998PASS,24295249,78661926,78661926,4,3
1998,tt0147612,Happiness,ok,ok,PASS,3000000,2746453,5746453,1998PASS,4287397,3925045,8212442,4,3
1998,tt0119313,Hope Floats,ok,ok,PASS,30000000,60110313,81529000,1998PASS,42873969,85905591,116515728,4,3
1998,tt0147004,Little Voice,ok,ok,PASS,6000000,4595000,21787233,1998PASS,8574794,6566863,31136839,4,3
1998,tt0120735,"Lock, Stock and Two Smoking Barrels",notalk,notalk,FAIL,1350000,3897569,28356188,1998FAIL,1929329,5570142,40524745,4,3
1998,tt0120738,Lost in Space,ok,ok,PASS,80000000,69117629,136047317,1998PASS,114330585,98778237,194429617,4,3
1998,tt0120749,Mercury Rising,notalk,notalk,FAIL,60000000,32983332,32983332,1998FAIL,85747939,47137546,47137546,4,3
1998,tt0120762,Mulan,dubious-disagree,dubious,FAIL,90000000,120620254,303500000,1998FAIL,128621908,172382303,433741657,4,3
1998,tt0120780,Out of Sight,men,men,FAIL,48000000,37562568,77562568,1998FAIL,68598351,53681880,110847172,4,3
1998,tt0138704,Pi,men,men,FAIL,68000,3221152,4678513,1998FAIL,97181,4603452,6686214,4,3
1998,tt0120791,Practical Magic,ok,ok,PASS,60000000,46850558,68336997,1998PASS,85747939,66955646,97662611,4,3
1998,tt0119942,Primary Colors,ok,ok,PASS,65000000,39017984,39017984,1998PASS,92893600,55761862,55761862,4,3
1998,tt0120800,Quest for Camelot,ok,ok,PASS,40000000,22772500,38172500,1998PASS,57165293,32544916,54553553,4,3
1998,tt0128442,Rounders,notalk,notalk,FAIL,12000000,22921898,22921898,1998FAIL,17149588,32758425,32758425,4,3
1998,tt0130827,Run Lola Run,notalk-disagree,notalk,FAIL,1750000,7267324,14533173,1998FAIL,2500982,10385968,20769827,4,3
1998,tt0120812,Rush Hour,ok-disagree,ok,PASS,35000000,141186864,245300000,1998PASS,50019631,201774709,350566156,4,3
1998,tt0128445,Rushmore,notalk-disagree,notalk,FAIL,10000000,17105219,19080435,1998FAIL,14291323,24445621,27268466,4,3
1998,tt0120813,Safe Men,nowomen,nowomen,FAIL,1000000,21210,21210,1998FAIL,1429132,30312,30312,4,3
1998,tt0120815,Saving Private Ryan,nowomen,nowomen,FAIL,65000000,216335085,485035085,1998FAIL,92893600,309171460,693179313,4,3
1998,tt0138097,Shakespeare in Love,ok,ok,PASS,26000000,100317794,279500000,1998PASS,37157440,143367401,399442481,4,3
1998,tt0120828,Six Days Seven Nights,notalk,notalk,FAIL,80000000,74339294,164800000,1998FAIL,114330585,106240687,235521005,4,3
1998,tt0120148,Sliding Doors,ok,ok,PASS,6000000,11911200,58809149,1998PASS,8574794,17022681,84046055,4,3
1998,tt0120831,Slums of Beverly Hills,ok,ok,PASS,5000000,5502773,5502773,1998PASS,7145662,7864191,7864191,4,3
1998,tt0122718,Small Soldiers,notalk,notalk,FAIL,40000000,55143823,71743823,1998FAIL,57165293,78807819,102531416,4,3
1998,tt0120321,Smoke Signals,ok,ok,PASS,2000000,6719300,7756617,1998PASS,2858265,9602769,11085232,4,3
1998,tt0120184,Sphere,notalk,notalk,FAIL,73000000,37068294,50168294,1998FAIL,104326659,52975497,71697130,4,3
1998,tt0120844,Star Trek: Insurrection,ok,ok,PASS,70000000,70187658,117800000,1998PASS,100039262,100307450,168351786,4,3
1998,tt0120686,Stepmom,ok,ok,PASS,50000000,91137662,159745279,1998PASS,71456616,130247778,228297140,4,3
1998,tt0118661,The Avengers,ok,ok,PASS,60000000,23385416,48585416,1998PASS,85747939,33420854,69434988,4,3
1998,tt0118715,The Big Lebowski,notalk-disagree,notalk,FAIL,15000000,17498804,46189568,1998FAIL,21436985,25008106,66011004,4,3
1998,tt0133751,The Faculty,dubious,dubious,FAIL,15000000,40283321,40283321,1998FAIL,21436985,57570196,57570196,4,3
1998,tt0120744,The Man in the Iron Mask,notalk-disagree,notalk,FAIL,35000000,56968169,56968169,1998FAIL,50019631,81415051,81415051,4,3
1998,tt0120746,The Mask of Zorro,notalk-disagree,notalk,FAIL,65000000,93828745,233700000,1998FAIL,92893600,134093691,333988221,4,3
1998,tt0120768,The Negotiator,notalk,notalk,FAIL,50000000,44705766,49105766,1998FAIL,71456616,63890455,70178637,4,3
1998,tt0120794,The Prince of Egypt,notalk-disagree,notalk,FAIL,60000000,101413188,218600000,1998FAIL,85747939,144932864,312408324,4,3
1998,tt0120108,The Proposition,men,men,FAIL,20000000,1903434,5313608,1998FAIL,28582646,2720259,7593849,4,3
1998,tt0120863,The Thin Red Line,notalk,notalk,FAIL,52000000,36400491,36400491,1998FAIL,74314880,52021118,52021118,4,3
1998,tt0120382,The Truman Show,notalk-disagree,notalk,FAIL,60000000,125618201,248400000,1998FAIL,85747939,179525030,354996466,4,3
1998,tt0129387,There's Something About Mary,ok,ok,PASS,22000000,176484651,360099999,1998PASS,31440911,252219917,514630544,4,3
1998,tt0146336,Urban Legend,ok,ok,PASS,14000000,38116707,72571864,1998PASS,20007852,54473818,103714796,4,3
1998,tt0120877,Vampires (John Carpenter's),nowomen,nowomen,FAIL,20000000,20268825,20268825,1998FAIL,28582646,28966833,28966833,4,3
1998,tt0120879,Velvet Goldmine,men,men,FAIL,9000000,1053788,4861972,1998FAIL,12862191,1506002,6948401,4,3
1998,tt0120890,Wild Things,men-disagree,men,FAIL,20000000,29795299,55576699,1998FAIL,28582646,42581425,79426456,4,3
1998,tt0128853,You've Got Mail,ok,ok,PASS,65000000,115821495,250800000,1998PASS,92893600,165524241,358426384,4,3
1997,tt0120133,A Simple Wish,ok,ok,PASS,28000000,8165213,8165213,1997PASS,40634668,11849668,11849668,4,3
1997,tt0118570,Air Bud,notalk,notalk,FAIL,3000000,24646936,27788649,1997FAIL,4353714,35768573,40327947,4,3
1997,tt0118571,Air Force One,notalk,notalk,FAIL,85000000,172956409,315268353,1997FAIL,123355241,251000935,457529453,4,3
1997,tt0118583,Alien: Resurrection,ok,ok,PASS,60000000,47795018,160700000,1997PASS,87074287,69361952,233213967,4,3
1997,tt0118617,Anastasia,ok,ok,PASS,53000000,58403409,139801410,1997PASS,76915621,84757254,202885136,4,3
1997,tt0119822,As Good as It Gets,ok,ok,PASS,50000000,148478011,314111923,1997PASS,72561906,215476950,455851198,4,3
1997,tt0118655,Austin Powers: International Man of Mystery,men,men,FAIL,18000000,53883989,67683989,1997FAIL,26122286,78198499,98225585,4,3
1997,tt0118688,Batman & Robin,men-disagree,men,FAIL,125000000,107325195,238317814,1997FAIL,181404766,155754415,345855898,4,3
1997,tt0118749,Boogie Nights,dubious-disagree,dubious,FAIL,15000000,26410771,43111725,1997FAIL,21768572,38328318,62565379,4,3
1997,tt0118829,Cats Don't Dance,ok,ok,PASS,32000000,3588602,3588602,1997PASS,46439620,5207916,5207916,4,3
1997,tt0118842,Chasing Amy,ok,ok,PASS,250000,12006514,15155095,1997PASS,362810,17424311,21993652,4,3
1997,tt0128996,Cinderella,ok,ok,PASS,2900000,8.50E+07,8.50E+07,1997PASS,4208591,123355241,123355241,4,3
1997,tt0118866,Clockwatchers,ok,ok,PASS,2000000,537948,539961,1997PASS,2902476,780691,783612,4,3
1997,tt0118880,Con Air,notalk-disagree,notalk,FAIL,80000000,101117573,224117573,1997FAIL,116099050,146745677,325247966,4,3
1997,tt0118883,Conspiracy Theory,men,men,FAIL,80000000,76118990,142783718,1997FAIL,116099050,110466780,207213175,4,3
1997,tt0118884,Contact,ok,ok,PASS,90000000,100920329,165900000,1997PASS,130611431,146459429,240760405,4,3
1997,tt0119080,Eve's Bayou,ok,ok,PASS,5000000,14843425,14843425,1997PASS,7256191,21541344,21541344,4,3
1997,tt0119081,Event Horizon,ok,ok,PASS,60000000,26673242,26673242,1997PASS,87074287,38709226,38709226,4,3
1997,tt0119114,Fever Pitch,ok,ok,PASS,40000000,42071069,50071069,1997PASS,58049525,61055139,72665044,4,3
1997,tt0119137,Flubber,men,men,FAIL,80000000,92993801,177993801,1997FAIL,116099050,134956149,258311390,4,3
1997,tt0119173,G.I. Jane,ok,ok,PASS,50000000,48169156,48169156,1997PASS,72561906,69904916,69904916,4,3
1997,tt0119177,Gattaca,notalk-disagree,notalk,FAIL,36000000,12532777,12532777,1997FAIL,52244573,18188044,18188044,4,3
1997,tt0119190,George of the Jungle,ok,ok,PASS,55000000,105263257,174463257,1997PASS,79818097,152762052,253187730,4,3
1997,tt0119217,Good Will Hunting,nowomen-disagree,nowomen,FAIL,10000000,138433435,225933435,1997FAIL,14512381,200899879,327883215,4,3
1997,tt0119229,Grosse Pointe Blank,ok,ok,PASS,15000000,28084357,31070412,1997PASS,21768572,40757090,45090566,4,3
1997,tt0119282,Hercules,ok-disagree,ok,PASS,70000000,99112101,250700000,1997PASS,101586669,143835260,363825398,4,3
1997,tt0119345,I Know What You Did Last Summer,ok,ok,PASS,17000000,72250091,125250091,1997PASS,24671048,104852087,181767707,4,3
1997,tt0119361,In the Company of Men,notalk,notalk,FAIL,25000,2883661,2883661,1997FAIL,36281,4184879,4184879,4,3
1997,tt0119396,Jackie Brown,ok,ok,PASS,12000000,39673162,74727492,1997PASS,17414858,57575205,108447385,4,3
1997,tt0119468,Kiss the Girls,men,men,FAIL,27000000,60527873,60527873,1997FAIL,39183429,87840357,87840357,4,3
1997,tt0119488,L.A. Confidential,notalk,notalk,FAIL,35000000,64604977,110604977,1997FAIL,50793334,93757206,160514159,4,3
1997,tt0119528,Liar Liar,notalk-disagree,notalk,FAIL,45000000,181410615,302710615,1997FAIL,65305716,263270001,439305185,4,3
1997,tt0119654,Men in Black,notalk,notalk,FAIL,90000000,250690539,587790539,1997FAIL,130611431,363811668,853024040,4,3
1997,tt0119698,Mononoke-hime,ok,ok,PASS,20000000,2374107,150350000,1997PASS,29024763,3445395,218193652,4,3
1997,tt0119707,Mortal Kombat: Annihilation,ok,ok,PASS,30000000,35927406,51327406,1997PASS,43537144,52139221,74488288,4,3
1997,tt0417001,Must love Dogs,men,men,FAIL,35000000,43894863,58894863,1997FAIL,50793334,63701899,85470471,4,3
1997,tt0119738,My Best Friend's Wedding,men-disagree,men,FAIL,46000000,126813153,298923419,1997FAIL,66756954,184036082,433809062,4,3
1997,tt0124819,Orgazmo,notalk,notalk,FAIL,1000000,582024,627287,1997FAIL,1451238,844655,910343,4,3
1997,tt0120082,Scream 2,ok,ok,PASS,24000000,101363301,101363301,1997PASS,34829715,147102287,147102287,4,3
1997,tt0120094,Selena,ok,ok,PASS,20000000,35450113,35450113,1997PASS,29024763,51446556,51446556,4,3
1997,tt0120152,Smilla's Sense of Snow,ok,ok,PASS,35000000,2221994,2221994,1997PASS,50793334,3224642,3224642,4,3
1997,tt0120177,Spawn,ok,ok,PASS,40000000,54979992,87949859,1997PASS,58049525,79789061,127636188,4,3
1997,tt0120201,Starship Troopers,ok,ok,PASS,100000000,54768952,121100000,1997PASS,145123812,79482791,175744937,4,3
1997,tt0118971,The Devil's Advocate,ok,ok,PASS,57000000,61007424,153007424,1997PASS,82720573,88536300,222050207,4,3
1997,tt0119116,The Fifth Element,notalk-disagree,notalk,FAIL,95000000,63570862,263900000,1997FAIL,137867622,92256459,382981741,4,3
1997,tt0119174,The Game,notalk,notalk,FAIL,50000000,48265581,48265581,1997FAIL,72561906,70044851,70044851,4,3
1997,tt0119567,The Lost World: Jurassic Park,dubious,dubious,FAIL,75000000,229086679,786686679,1997FAIL,108842859,332459322,1141669701,4,3
1997,tt0119874,The Peacemaker,dubious,dubious,FAIL,50000000,41263140,62967368,1997FAIL,72561906,59882642,91380645,4,3
1997,tt0119925,The Postman,notalk,notalk,FAIL,80000000,17650704,17650704,1997FAIL,116099050,25615375,25615375,4,3
1997,tt0120338,Titanic,ok,ok,PASS,200000000,658672302,2185672302,1997PASS,290247625,955890356,3171930973,4,3
1997,tt0120461,Volcano,ok,ok,PASS,90000000,47546796,120100000,1997PASS,130611431,69001723,174293699,4,3
1996,tt0115591,August,dubious,dubious,FAIL,3400000,12636,12636,1996FAIL,5049561,18767,18767,4,3
1996,tt0115736,Bound,ok,ok,PASS,4500000,3802260,7011317,1996PASS,6683242,5646983,10412962,4,3
1996,tt0115759,Broken Arrow,nowomen,nowomen,FAIL,65000000,70645997,148345997,1996FAIL,96535720,104920957,220318272,4,3
1996,tt0115857,Chain Reaction,notalk,notalk,FAIL,55000000,21226204,60209334,1996FAIL,81684071,31524414,89420791,4,3
1996,tt0116136,DragonHeart,men,men,FAIL,57000000,51364680,104364680,1996FAIL,84654401,76285021,154998762,4,3
1996,tt0116191,Emma,ok,ok,PASS,5900000,22231658,37831658,1996PASS,8762473,33017679,56186252,4,3
1996,tt0116225,Escape from L.A.,notalk,notalk,FAIL,50000000,25426861,25426861,1996FAIL,74258246,37763082,37763082,4,3
1996,tt0116260,Eye for an Eye,ok,ok,PASS,20000000,26792700,26792700,1996PASS,29703299,39791578,39791578,4,3
1996,tt0116282,Fargo,ok-disagree,ok,PASS,7000000,24567751,51204567,1996PASS,10396154,36487162,76047227,4,3
1996,tt0116361,Freeway,ok,ok,PASS,3000000,295493,295493,1996PASS,4455495,438856,438856,4,3
1996,tt0116367,From Dusk Till Dawn,notalk,notalk,FAIL,20000000,25728961,25728961,1996FAIL,29703299,38211750,38211750,4,3
1996,tt0116477,Hamlet,notalk-disagree,notalk,FAIL,2000000,1577287,2419669,1996FAIL,2970330,2342531,3593608,4,3
1996,tt0116493,Harriet the Spy,ok,ok,PASS,13000000,26570048,26570048,1996PASS,19307144,39460903,39460903,4,3
1996,tt0116629,Independence Day,ok,ok,PASS,75000000,306169255,817400878,1996PASS,111387369,454711839,1213975115,4,3
1996,tt0116705,Jingle All the Way,notalk,notalk,FAIL,60000000,60592389,129832389,1996FAIL,89109896,89989691,192822510,4,3
1996,tt0116778,Kingpin,notalk,notalk,FAIL,25000000,25023424,32223424,1996FAIL,37129123,37163912,47857099,4,3
1996,tt0116931,Love and Other Catastrophes,ok,ok,PASS,250000,212285,743216,1996PASS,371291,315278,1103798,4,3
1996,tt0116996,Mars Attacks!,ok,ok,PASS,80000000,37771017,101371017,1996PASS,118813194,56096190,150552679,4,3
1996,tt0117060,Mission: Impossible,notalk-disagree,notalk,FAIL,80000000,180981886,457697994,1996FAIL,118813194,268787949,679757008,4,3
1996,tt0117509,Romeo + Juliet,dubious,dubious,FAIL,14500000,46338728,147542381,1996FAIL,21534891,68820654,219124769,4,3
1996,tt0117571,Scream,ok,ok,PASS,15000000,103046663,173046663,1996PASS,22277474,153041290,257002834,4,3
1996,tt0117589,Secrets & Lies,ok,ok,PASS,4500000,13417292,13417292,1996PASS,6683242,19926891,19926891,4,3
1996,tt0117603,Set It Off,ok,ok,PASS,9000000,36049108,36049108,1996PASS,13366484,53538871,53538871,4,3
1996,tt0117705,Space Jam,notalk,notalk,FAIL,80000000,90463534,250200000,1996FAIL,118813194,134353268,371588265,4,3
1996,tt0117723,Spy Hard,notalk,notalk,FAIL,18000000,26936265,26936265,1996FAIL,26732969,40004796,40004796,4,3
1996,tt0117731,Star Trek: First Contact,ok-disagree,ok,PASS,46000000,92027888,1.50E+08,1996PASS,68317587,136676591,222774739,4,3
1996,tt0117765,Striptease,dubious,dubious,FAIL,50000000,33109743,113309743,1996FAIL,74258246,49173429,168283656,4,3
1996,tt0117887,That Thing You Do!,ok,ok,PASS,2500000,25857416,34557416,1996PASS,3712912,38402527,51323462,4,3
1996,tt0115798,The Cable Guy,notalk,notalk,FAIL,47000000,60240295,102825796,1996FAIL,69802752,89466773,152713266,4,3
1996,tt0115963,The Craft,ok,ok,PASS,15000000,24769466,55669466,1996PASS,22277474,36786742,82678338,4,3
1996,tt0116209,The English Patient,ok,ok,PASS,35000000,78716374,231716374,1996PASS,51980772,116906798,344137032,4,3
1996,tt0116277,The Fan,notalk,notalk,FAIL,55000000,18582965,18582965,1996FAIL,81684071,27598768,27598768,4,3
1996,tt0116313,The First Wives Club,ok,ok,PASS,30000000,105489203,181489203,1996PASS,44554948,156668864,269541399,4,3
1996,tt0116421,The Glimmer Man,notalk,notalk,FAIL,45000000,20404841,36404841,1996FAIL,66832422,30304554,54067193,4,3
1996,tt0116583,The Hunchback of Notre Dame,notalk,notalk,FAIL,100000000,100138851,325500000,1996FAIL,148516493,148722709,483421183,4,3
1996,tt0116908,The Long Kiss Goodnight,notalk-disagree,notalk,FAIL,65000000,33447612,33447612,1996FAIL,96535720,49675220,49675220,4,3
1996,tt0117057,The Mirror Has Two Faces,ok,ok,PASS,42000000,41267469,41267469,1996PASS,62376927,61288998,61288998,4,3
1996,tt0117500,The Rock,notalk,notalk,FAIL,75000000,134069511,336069511,1996FAIL,111387369,199115335,499118651,4,3
1996,tt0117951,Trainspotting,men,men,FAIL,3100000,16501785,24000785,1996FAIL,4604011,24507872,35645124,4,3
1996,tt0117998,Twister,ok,ok,PASS,88000000,241888385,495900000,1996PASS,130694514,359244145,736493287,4,3
1996,tt0118113,Walking and Talking,ok,ok,PASS,1000000,1287480,1615787,1996PASS,1485165,1912120,2399710,4,3
1996,tt0115856,When the Cat's Away,ok,ok,PASS,300000,1652472,2525984,1996PASS,445549,2454193,3751503,4,3
1995,tt0112384,Apollo 13,ok-disagree,ok,PASS,65000000,172070496,334100000,1995PASS,99370665,263057839,510765217,4,3
1995,tt0112401,Assassins,notalk,notalk,FAIL,50000000,30306268,83306268,1995FAIL,76438973,46331600,127356911,4,3
1995,tt0112462,Batman Forever,notalk,notalk,FAIL,100000000,184031112,336529144,1995FAIL,152877946,281342983,514478842,4,3
1995,tt0112471,Before Sunrise,nowomen,nowomen,FAIL,2500000,5274005,5274005,1995FAIL,3821949,8062791,8062791,4,3
1995,tt0112573,Braveheart,men-disagree,men,FAIL,72000000,75545647,2.09E+08,1995FAIL,110072121,115492633,319514907,4,3
1995,tt0112641,Casino,men-disagree,men,FAIL,52000000,42438300,110400000,1995FAIL,79496532,64878801,168777252,4,3
1995,tt0112642,Casper,ok,ok,PASS,55000000,100328194,282300000,1995PASS,84082870,153379682,431574441,4,3
1995,tt0112697,Clueless,ok,ok,PASS,13700000,56598476,56598476,1995PASS,20944279,86526587,86526587,4,3
1995,tt0112715,Congo,nowomen,nowomen,FAIL,50000000,81022333,152022333,1995FAIL,76438973,123865278,232408620,4,3
1995,tt0112722,Copycat,dubious,dubious,FAIL,20000000,32051917,32051917,1995FAIL,30575589,49000312,49000312,4,3
1995,tt0112864,Die Hard: With a Vengeance,notalk,notalk,FAIL,90000000,100012499,364480746,1995FAIL,137590151,152897054,557210677,4,3
1995,tt0113101,Four rooms,notalk,notalk,FAIL,4000000,4301000,4301000,1995FAIL,6115118,6575280,6575280,4,3
1995,tt0113321,Home for the holidays,ok,ok,PASS,20000000,17468887,22119269,1995PASS,30575589,26706076,33815484,4,3
1995,tt0113497,Jumanji,ok,ok,PASS,65000000,100458310,262758310,1995PASS,99370665,153578601,401699506,4,3
1995,tt0113749,Mallrats,notalk-disagree,notalk,FAIL,6100000,2108367,2108367,1995FAIL,9325555,3223228,3223228,4,3
1995,tt0113855,Mortal Kombat,notalk,notalk,FAIL,20000000,70433227,122133227,1995FAIL,30575589,107676871,186714768,4,3
1995,tt0114069,Outbreak,ok,ok,PASS,50000000,67823573,67823573,1995PASS,76438973,103687285,103687285,4,3
1995,tt0114148,Pocahontas,ok-disagree,ok,PASS,55000000,141579773,347100000,1995PASS,84082870,216444248,530639350,4,3
1995,tt0112130,Pride and Prejudice,ok-disagree,ok,PASS,28000000,38372662,120918508,1995PASS,42805825,58663337,184857731,4,3
1995,tt0114319,Sabrina,ok,ok,PASS,58000000,53458319,87100000,1995PASS,88669209,81725980,133156691,4,3
1995,tt0114323,Safe,ok,ok,PASS,33000000,17142080,41495213,1995PASS,50449722,26206460,63437029,4,3
1995,tt0114369,Se7en,notalk,notalk,FAIL,30000000,100125643,328125643,1995FAIL,45863384,153070026,501631742,4,3
1995,tt0114388,Sense and Sensibility,ok,ok,PASS,16500000,42993774,134993774,1995PASS,25224861,65727998,206375709,4,3
1995,tt0114436,Showgirls,ok,ok,PASS,40000000,20350754,37750754,1995PASS,61151178,31111815,57712577,4,3
1995,tt0114508,Species,dubious,dubious,FAIL,35000000,60054449,113354449,1995FAIL,53507281,91810008,173293953,4,3
1995,tt0114614,Tank Girl,ok,ok,PASS,25000000,4064333,4064333,1995PASS,38219486,6213469,6213469,4,3
1995,tt0112346,The American President,ok,ok,PASS,62000000,60022813,107822813,1995PASS,94784326,91761643,164837302,4,3
1995,tt0112579,The Bridges of Madison County,ok,ok,PASS,22000000,71516617,175516617,1995PASS,33633148,109333135,268326198,4,3
1995,tt0113416,The Incredibly True Adventures of Two Girls in Love,ok,ok,PASS,250000,2210408,2477155,1995PASS,382195,3379226,3787024,4,3
1995,tt0113957,The Net,ok,ok,PASS,22000000,50621733,110521733,1995PASS,33633148,77389465,168963355,4,3
1995,tt0114214,The Quick and the Dead,notalk-disagree,notalk,FAIL,32000000,18552460,18552460,1995FAIL,48920943,28362620,28362620,4,3
1995,tt0114814,The Usual Suspects,notalk,notalk,FAIL,6000000,23341568,34449356,1995FAIL,9172677,35684110,52665468,4,3
1995,tt0114709,Toy Story,notalk-disagree,notalk,FAIL,30000000,191780865,364530148,1995FAIL,45863384,293190647,557286202,4,3
1995,tt0114746,Twelve Monkeys,notalk,notalk,FAIL,29000000,57141459,168841459,1995FAIL,44334604,87356689,258121354,4,3
1995,tt0114898,Waterworld,nowomen-disagree,nowomen,FAIL,175000000,88246220,264246220,1995FAIL,267536405,134909008,403974193,4,3
1995,tt0114906,Welcome to the Dollhouse,ok,ok,PASS,800000,4198137,5034794,1995PASS,1223024,6418026,7697090,4,3
1994,tt0109040,Ace Ventura: Pet Detective,men,men,FAIL,12000000,72217396,107217396,1994FAIL,18859976,113501532,168509796,5,3
1994,tt0109254,Beverly Hills Cop III,nowomen,nowomen,FAIL,50000000,42586861,119180938,1994FAIL,78583235,66932266,187312473,5,3
1994,tt0109445,Clerks.,notalk,notalk,FAIL,27000,3073428,3894240,1994FAIL,42435,4830398,6120440,5,3
1994,tt0109504,Crooklyn,ok,ok,PASS,14000000,13024170,13024170,1994PASS,22003306,20469628,20469628,5,3
1994,tt0109686,Dumb & Dumber,men,men,FAIL,16000000,127175374,246400000,1994FAIL,25146635,199877046,387258182,5,3
1994,tt0109707,Ed Wood,ok,ok,PASS,18000000,5828466,5828466,1994PASS,28289965,9160394,9160394,5,3
1994,tt0109830,Forrest Gump,notalk-disagree,notalk,FAIL,55000000,329694499,679400525,1994FAIL,86441558,518169206,1067789822,5,3
1994,tt0110322,Legends of the Fall,ok,ok,PASS,30000000,66502573,160502573,1994PASS,47149941,104519746,252256228,5,3
1994,tt0110367,Little Women,ok,ok,PASS,15000000,50003303,50003303,1994PASS,23574970,78588426,78588426,5,3
1994,tt0110622,Naked Gun 33 1/3: The Final Insult,men,men,FAIL,30000000,51041856,51041856,1994FAIL,47149941,80220683,80220683,5,3
1994,tt0110857,Police Academy: Mission to Moscow,notalk,notalk,FAIL,10000000,126247,126247,1994FAIL,15716647,198418,198418,5,3
1994,tt0110889,Priest,ok,ok,PASS,60000000,29136626,84154026,1994PASS,94299882,45793007,132261912,5,3
1994,tt0110912,Pulp Fiction,ok-disagree,ok,PASS,8000000,107928762,212928762,1994PASS,12573318,169627825,334652619,5,3
1994,tt0111257,Speed,ok,ok,PASS,30000000,121248145,283200000,1994PASS,47149941,190561429,445095443,5,3
1994,tt0111282,Stargate,notalk,notalk,FAIL,55000000,71565669,196565669,1994FAIL,86441558,112477236,308935323,5,3
1994,tt0111301,Street Fighter,ok,ok,PASS,35000000,33423000,99423000,1994PASS,55008264,52529749,156259619,5,3
1994,tt0109446,The Client,ok,ok,PASS,45000000,92115211,117615211,1994PASS,70724911,144774225,184851675,5,3
1994,tt0110074,The Hudsucker Proxy,notalk,notalk,FAIL,40000000,2816518,14938149,1994FAIL,62866588,4426622,23477761,5,3
1994,tt0110357,The Lion King,notalk-disagree,notalk,FAIL,79300000,422780140,952880140,1994FAIL,124633011,664468621,1497608078,5,3
1994,tt0110475,The Mask,notalk,notalk,FAIL,18000000,119920129,351620129,1994FAIL,28289965,188474233,552628944,5,3
1994,tt0111070,The Santa Clause,notalk,notalk,FAIL,22000000,144833357,189800000,1994FAIL,34576623,227629474,298301960,5,3
1994,tt0111143,The Shadow,nowomen,nowomen,FAIL,40000000,31835600,31835600,1994FAIL,62866588,50034889,50034889,5,3
1994,tt0111161,The Shawshank Redemption,nowomen-disagree,nowomen,FAIL,25000000,28241469,28241469,1994FAIL,39291617,44386120,44386120,5,3
1994,tt0111255,The Specialist,notalk,notalk,FAIL,45000000,57362581,57362581,1994FAIL,70724911,90154744,90154744,5,3
1994,tt0111438,Timecop,notalk,notalk,FAIL,28000000,44853581,102053581,1994FAIL,44006612,70494790,160394011,5,3
1994,tt0111503,True Lies,notalk-disagree,notalk,FAIL,100000000,146282411,365300000,1994FAIL,157166470,229906901,574129115,5,3
1993,tt0106582,Cliffhanger,notalk,notalk,FAIL,65000000,84049211,2.55E+08,1993FAIL,104809829,135525899,411177020,5,3
1993,tt0106611,Cool Runnings,notalk-disagree,notalk,FAIL,14000000,68856263,155056263,1993FAIL,22574425,111027894,250021852,5,3
1993,tt0106677,Dazed and Confused,ok-disagree,ok,PASS,6900000,7950889,7950889,1993PASS,11125966,12820482,12820482,5,3
1993,tt0107007,Gettysburg,nowomen,nowomen,FAIL,25000000,10731997,10731997,1993FAIL,40311473,17304904,17304904,5,3
1993,tt0107048,Groundhog Day,men-disagree,men,FAIL,14600000,70906973,70906973,1993FAIL,23541900,114334580,114334580,5,3
1993,tt0107120,Hocus Pocus,ok,ok,PASS,28000000,39360491,39360491,1993PASS,45148849,63467174,63467174,5,3
1993,tt0107290,Jurassic Park,ok-disagree,ok,PASS,63000000,395708305,1035626872,1993PASS,101584911,638063379,1669905770,5,3
1993,tt0107614,Mrs. Doubtfire,ok,ok,PASS,25000000,219195051,441286003,1993PASS,40311473,353443011,711555544,5,3
1993,tt0311648,Pieces of April,ok,ok,PASS,300000,2528664,3590570,1993PASS,483738,4077367,5789647,5,3
1993,tt0108052,Schindler's List,ok,ok,PASS,25000000,96067179,321365567,1993PASS,40311473,154904378,518188770,5,3
1993,tt0108255,Super Mario Bros.,dubious,dubious,FAIL,42000000,20844907,20844907,1993FAIL,67723274,33611556,33611556,5,3
1993,tt0106226,The Age of Innocence,ok,ok,PASS,34000000,32014993,32014993,1993PASS,54823603,51622860,51622860,5,3
1993,tt0106977,The Fugitive,men,men,FAIL,44000000,183875760,353715317,1993FAIL,70948192,296492106,570351412,5,3
1993,tt0112389,The Princess and the Cobbler,nowomen,nowomen,FAIL,24000000,669276,669276,1993FAIL,38699014,1079180,1079180,5,3
1993,tt0107943,The Remains of the Day,nowomen-disagree,nowomen,FAIL,15000000,22954968,63954968,1993FAIL,24186884,37013943,103124758,5,3
1993,tt0108358,Tombstone,ok,ok,PASS,25000000,56505065,56505065,1993PASS,40311473,91112095,91112095,5,3
1992,tt0104257,A Few Good Men,notalk,notalk,FAIL,33000000,141340178,236500000,1992FAIL,54791459,234673774,392672121,5,3
1992,tt0104694,A League of Their Own,ok,ok,PASS,40000000,107533925,132440066,1992PASS,66413889,178543655,219896498,5,3
1992,tt0103639,Aladdin,nowomen,nowomen,FAIL,28000000,217350219,504050219,1992FAIL,46489723,360876835,836898388,5,3
1992,tt0103644,Alien 3,nowomen-disagree,nowomen,FAIL,55000000,54927174,158500000,1992FAIL,91319098,91198182,263165037,5,3
1992,tt0106308,Army of Darkness,men-disagree,men,FAIL,11000000,11502976,21502976,1992FAIL,18263820,19098934,35702407,5,3
1992,tt0103776,Batman Returns,nowomen-disagree,nowomen,FAIL,80000000,162833635,266824291,1992FAIL,132827779,270360376,443020974,5,3
1992,tt0103893,Buffy the Vampire Slayer,ok,ok,PASS,7000000,14231669,14231669,1992PASS,11622431,23629512,23629512,5,3
1992,tt0104070,Death Becomes Her,ok,ok,PASS,55000000,58422650,149022650,1992PASS,91319098,97001885,247429345,5,3
1992,tt0104815,El Mariachi,nowomen,nowomen,FAIL,7000,2040920,2041928,1992FAIL,11622,3388636,3390310,5,3
1992,tt0104348,Glengarry Glen Ross,nowomen,nowomen,FAIL,12500000,10725228,10725228,1992FAIL,20754340,17807603,17807603,5,3
1992,tt0104412,Hero,notalk,notalk,FAIL,42000000,19487173,66787173,1992FAIL,69734584,32355474,110889898,5,3
1992,tt0104431,Home Alone 2: Lost in New York,notalk,notalk,FAIL,20000000,173585516,358994850,1992FAIL,33206945,288212232,596056107,5,3
1992,tt0104797,Malcolm X,dubious,dubious,FAIL,35000000,48169910,48169910,1992FAIL,58112153,79978777,79978777,5,3
1992,tt0104952,My Cousin Vinny,notalk,notalk,FAIL,11000000,52929168,52929168,1992FAIL,18263820,87880798,87880798,5,3
1992,tt0105236,Reservoir Dogs,nowomen,nowomen,FAIL,1200000,2832029,2832029,1992FAIL,1992417,4702152,4702152,5,3
1992,tt0104036,The Crying Game,men,men,FAIL,4000000,62546695,62546695,1992FAIL,6641389,103849232,103849232,5,3
1992,tt0104868,The Mighty Ducks,notalk,notalk,FAIL,10000000,50752337,50752337,1992FAIL,16603472,84266502,84266502,5,3
1992,tt0104940,The Muppet Christmas Carol,notalk-disagree,notalk,FAIL,12000000,27281507,27281507,1992FAIL,19924167,45296775,45296775,5,3
1992,tt0105151,The Player,ok,ok,PASS,8000000,21706101,28876702,1992PASS,13282778,36039665,47945352,5,3
1992,tt0105793,Wayne's World,notalk,notalk,FAIL,20000000,121697323,183097323,1992FAIL,33206945,202059814,304005134,5,3
1991,tt0101414,Beauty and the Beast,ok-disagree,ok,PASS,20000000,218951625,451421625,1991PASS,34216807,374591278,772310338,5,3
1991,tt0101452,Bill & Ted's Bogus Journey,notalk,notalk,FAIL,20000000,37537675,37537675,1991FAIL,34216807,64220970,64220970,5,3
1991,tt0102057,Hook,men,men,FAIL,70000000,119654823,300854823,1991FAIL,119758826,204710301,514714575,5,3
1991,tt0102070,Hudson Hawk,ok,ok,PASS,65000000,17218916,17218916,1991PASS,111204624,29458817,29458817,5,3
1991,tt0102798,Robin Hood: Prince of Thieves,dubious,dubious,FAIL,50000000,165493908,390500000,1991FAIL,85542018,283133658,668083163,5,3
1991,tt0102943,Slacker,ok,ok,PASS,23000,1227508,1227508,1991PASS,39349,2100070,2100070,5,3
1991,tt0102975,Star Trek VI: The Undiscovered Country,men-disagree,men,FAIL,27000000,74888996,96900000,1991FAIL,46192690,128123117,165780431,5,3
1991,tt0103060,Teenage Mutant Ninja Turtles II: The Secret of the Ooze,ok,ok,PASS,25000000,78656813,78656813,1991PASS,42771009,134569251,134569251,5,3
1991,tt0103064,Terminator 2: Judgement Day,dubious,dubious,FAIL,100000000,204859496,516816151,1991FAIL,171084037,350481895,884189932,5,3
1991,tt0101272,The Addams Family,ok,ok,PASS,30000000,113502246,191502246,1991PASS,51325211,194184224,327629772,5,3
1991,tt0102510,The Naked Gun 2 1/2: The Smell of Fear,notalk,notalk,FAIL,23000000,86930411,86930411,1991FAIL,39349328,148724056,148724056,5,3
1991,tt0102926,The Silence of the Lambs,ok-disagree,ok,PASS,20000000,130726716,275726716,1991PASS,34216807,223652543,471724395,5,3
1991,tt0103247,White Fang,notalk,notalk,FAIL,14000000,34729091,34729091,1991FAIL,23951765,59415931,59415931,5,3
1990,tt0099088,Back to the Future Part III,notalk,notalk,FAIL,40000000,87666629,243700000,1990FAIL,71319016,156307443,434511105,5,3
1990,tt0099253,Child's Play 2,ok,ok,PASS,13000000,26904572,34166572,1990PASS,23178680,47970190,60918157,5,3
1990,tt0099817,Dark Angel (I Come in Peace),nowomen,nowomen,FAIL,7000000,4372561,4372561,1990FAIL,12480828,7796169,7796169,5,3
1990,tt0099423,Die Hard 2,dubious-disagree,dubious,FAIL,70000000,117323878,239814025,1990FAIL,124808278,209185588,427582507,5,3
1990,tt0099487,Edward Scissorhands,ok,ok,PASS,20000000,53976987,53976987,1990PASS,35659508,96239640,96239640,5,3
1990,tt0099582,Flatliners,ok,ok,PASS,26000000,61308153,61308153,1990PASS,46357360,109310929,109310929,5,3
1990,tt0099653,Ghost,men-disagree,men,FAIL,22000000,217631306,517600000,1990FAIL,39225459,388031265,922868068,5,3
1990,tt0099685,Goodfellas,men-disagree,men,FAIL,25000000,46743809,46743809,1990FAIL,44574385,83343062,83343062,5,3
1990,tt0099785,Home Alone,men-disagree,men,FAIL,15000000,285761243,476684675,1990FAIL,26744631,509505267,849917050,5,3
1990,tt0100263,Nikita,ok,ok,PASS,7000000,5017971,5017971,1990PASS,12480828,8946919,8946919,5,3
1990,tt0100403,Predator 2,men,men,FAIL,35000000,28317513,54768418,1990FAIL,62404139,50489429,97650742,5,3
1990,tt0100405,Pretty Woman,ok,ok,PASS,14000000,178406268,432645872,1990PASS,24961656,318093987,771396947,5,3
1990,tt0099810,The Hunt for Red October,notalk,notalk,FAIL,30000000,120709866,200500000,1990FAIL,53489262,215222722,357486568,5,3
1990,tt0100802,Total Recall,notalk,notalk,FAIL,125000000,58877969,198615996,1990FAIL,222871925,104977970,354127435,5,3
1990,tt0100814,Tremors,ok,ok,PASS,10000000,16667084,16667084,1990PASS,17829754,29717001,29717001,5,3
1989,tt0096874,Back to the Future Part II,ok,ok,PASS,40000000,118450002,3.32E+08,1989PASS,75183554,222637302,624023495,NA,NA
1989,tt0096895,Batman,notalk,notalk,FAIL,35000000,251188924,411348924,1989FAIL,65785609,472131898,773166847,NA,NA
1989,tt0096928,Bill & Ted's Excellent Adventure,men,men,FAIL,10000000,40485039,40485039,1989FAIL,18795888,76095227,76095227,NA,NA
1989,tt0097165,Dead Poets Society,notalk,notalk,FAIL,16400000,95860116,239500000,1989FAIL,30825257,180177604,450161527,NA,NA
1989,tt0097499,Henry V,ok,ok,PASS,9000000,10161099,10161099,1989PASS,16916300,19098688,19098688,NA,NA
1989,tt0097576,Indiana Jones and the Last Crusade,nowomen-disagree,nowomen,FAIL,48000000,197171806,474171806,1989FAIL,90220264,370601926,891248035,NA,NA
1989,tt0097742,Licence to Kill,men,men,FAIL,42000000,34667015,156167015,1989FAIL,78942731,65159735,293529779,NA,NA
1989,tt0097815,Major League,notalk,notalk,FAIL,11000000,49793054,49793054,1989FAIL,20675477,93590469,93590469,NA,NA
1989,tt0098206,Road House,notalk,notalk,FAIL,10000000,30050028,30050028,1989FAIL,18795888,56481697,56481697,NA,NA
1989,tt0098724,"Sex, Lies, and Videotape",men-disagree,men,FAIL,1200000,24741667,36741667,1989FAIL,2255507,46504161,69059227,NA,NA
1989,tt0098382,Star Trek V: The Final Frontier,notalk,notalk,FAIL,30000000,52210049,70200000,1989FAIL,56387665,98133425,131947137,NA,NA
1989,tt0096754,The Abyss,ok-disagree,ok,PASS,70000000,54243125,54243125,1989PASS,131571219,101954772,101954772,NA,NA
1989,tt0098519,Troop Beverly Hills,ok,ok,PASS,18000000,7190505,7190505,1989PASS,33832599,13515193,13515193,NA,NA
1989,tt0098546,UHF,notalk,notalk,FAIL,5000000,6157157,6157157,1989FAIL,9397944,11572924,11572924,NA,NA
1988,tt0094612,Action Jackson,notalk,notalk,FAIL,7000000,20257000,20257000,1988FAIL,13787529,39899139,39899139,NA,NA
1988,tt0094625,Akira,notalk,notalk,FAIL,8000000,19585,19585,1988FAIL,15757176,38576,38576,NA,NA
1988,tt0094721,Beetle Juice,ok,ok,PASS,15000000,73326666,73326666,1988PASS,29544705,144427648,144427648,NA,NA
1988,tt0092675,Bloodsport,notalk,notalk,FAIL,1500000,11806119,11806119,1988FAIL,2954471,23253887,23253887,NA,NA
1988,tt0094862,Child's Play,ok,ok,PASS,9000000,33244684,44196684,1988PASS,17726823,65480292,87051866,NA,NA
1988,tt0094947,Dangerous Liaisons,ok,ok,PASS,14000000,34700000,34700000,1988PASS,27575058,68346751,68346751,NA,NA
1988,tt0095016,Die Hard,ok-disagree,ok,PASS,28000000,81350242,139109346,1988PASS,55150116,160231261,273996307,NA,NA
1988,tt0095631,Midnight Run,men,men,FAIL,30000000,38413606,81613606,1988FAIL,59089410,75661244,160749995,NA,NA
1988,tt0095687,My Stepmother Is an Alien,ok,ok,PASS,16000000,13854000,13854000,1988PASS,31514352,27287490,27287490,NA,NA
1988,tt0095690,Mystic Pizza,ok,ok,PASS,6000000,12793213,12793213,1988PASS,11817882,25198114,25198114,NA,NA
1988,tt0095889,Poltergeist III,ok,ok,PASS,9500000,14114000,14114000,1988PASS,18711647,27799598,27799598,NA,NA
1988,tt0095953,Rain Man,notalk,notalk,FAIL,25000000,172825435,412800000,1988FAIL,49241175,340405101,813070285,NA,NA
1988,tt0096061,Scrooged,ok,ok,PASS,32000000,60328558,60328558,1988PASS,63028704,118825964,118825964,NA,NA
1988,tt0095489,The Land Before Time,ok,ok,PASS,12300000,48092846,81972846,1988PASS,24226658,94725930,161457571,NA,NA
1988,tt0095497,The Last Temptation of Christ,men,men,FAIL,7000000,8373585,8373585,1988FAIL,13787529,16493007,16493007,NA,NA
1988,tt0096256,They Live,nowomen-disagree,nowomen,FAIL,4000000,1.30E+07,1.30E+07,1988FAIL,7878588,25605411,25605411,NA,NA
1988,tt0096320,Twins,men,men,FAIL,15000000,111936388,216600000,1988FAIL,29544705,220475172,426625542,NA,NA
1988,tt0096438,Who Framed Roger Rabbit,notalk,notalk,FAIL,70000000,154112492,351500000,1988FAIL,137875291,303547209,692330924,NA,NA
1988,tt0096487,Young Guns,notalk,notalk,FAIL,13000000,44726644,44726644,1988FAIL,25605411,88095701,88095701,NA,NA
1987,tt0092644,Beverly Hills Cop II,notalk,notalk,FAIL,20000000,153665036,276665036,1987FAIL,41007948,315074388,567273267,NA,NA
1987,tt0092991,Evil Dead II,dubious-disagree,dubious,FAIL,3500000,5923044,5923044,1987FAIL,7176391,12144594,12144594,NA,NA
1987,tt0093010,Fatal Attraction,dubious,dubious,FAIL,14000000,156645693,320100000,1987FAIL,28705563,321185920,656332204,NA,NA
1987,tt0093105,"Good Morning, Vietnam",notalk,notalk,FAIL,13000000,123922370,123922370,1987FAIL,26655166,254090104,254090104,NA,NA
1987,tt0093177,Hellraiser,ok,ok,PASS,1000000,14564000,14564000,1987PASS,2050397,29861988,29861988,NA,NA
1987,tt0093409,Lethal Weapon,notalk-disagree,notalk,FAIL,15000000,65192350,120192350,1987FAIL,30755961,133670224,246442080,NA,NA
1987,tt0093773,Predator,nowomen,nowomen,FAIL,18000000,59735548,98267558,1987FAIL,36907153,122481612,201487544,NA,NA
1987,tt0093818,Radio Days,notalk,notalk,FAIL,16000000,14792779,14792779,1987FAIL,32806358,30331075,30331075,NA,NA
1987,tt0093870,RoboCop,notalk,notalk,FAIL,120000000,54764805,221577330,1987FAIL,246047687,112289613,454321579,NA,NA
1987,tt0094012,Spaceballs,dubious-disagree,dubious,FAIL,22700000,38119483,38119483,1987FAIL,46544021,78160088,78160088,NA,NA
1987,tt0094074,Superman IV: The Quest for Peace,ok,ok,PASS,17000000,11227824,11227824,1987PASS,34856756,23021501,23021501,NA,NA
1987,tt0093389,The Last Emperor,dubious,dubious,FAIL,25000000,43984000,43984000,1987FAIL,51259935,90184679,90184679,NA,NA
1987,tt0093437,The Lost Boys,notalk,notalk,FAIL,8500000,32222567,32222567,1987FAIL,17428378,66069067,66069067,NA,NA
1987,tt0093779,The Princess Bride,men-disagree,men,FAIL,15000000,30857000,30857000,1987FAIL,30755961,63269112,63269112,NA,NA
1986,tt0090605,Aliens,ok-disagree,ok,PASS,17000000,85160248,183316455,1986PASS,36104000,180860331,389321020,NA,NA
1986,tt0090555,Crocodile Dundee,dubious,dubious,FAIL,5000000,174803506,3.28E+08,1986FAIL,10618824,371241520,696594829,NA,NA
1986,tt0091203,Highlander,ok-disagree,ok,PASS,16000000,5900000,12900000,1986PASS,33980236,12530212,27396565,NA,NA
1986,tt0091225,Howard The Duck,dubious,dubious,FAIL,30000000,16295774,16295774,1986FAIL,63712942,34608390,34608390,NA,NA
1986,tt0091419,Little Shop of Horrors,notalk-disagree,notalk,FAIL,30000000,38747385,38747385,1986FAIL,63712942,82290329,82290329,NA,NA
1986,tt0091738,Peggy Sue Got Married,ok,ok,PASS,18000000,41382841,41382841,1986PASS,38227765,87887418,87887418,NA,NA
1986,tt0091763,Platoon,nowomen,nowomen,FAIL,6000000,137963328,137963328,1986FAIL,12742588,293001649,293001649,NA,NA
1986,tt0092005,Stand By Me,nowomen,nowomen,FAIL,8000000,52287414,52287414,1986FAIL,16990118,111046165,111046165,NA,NA
1986,tt0090848,The Clan of the Cave Bear,ok,ok,PASS,15000000,1953732,1953732,1986PASS,31856471,4149267,4149267,NA,NA
1986,tt0092099,Top Gun,men,men,FAIL,15000000,179800601,356800601,1986FAIL,31856471,381854174,757760530,NA,NA
1985,tt0088763,Back to the Future,notalk-disagree,notalk,FAIL,19000000,210609762,383874862,1985FAIL,41136059,455981879,831110482,NA,NA
1985,tt0088846,Brazil,ok,ok,PASS,15000000,9929135,9929135,1985PASS,32475836,21497131,21497131,NA,NA
1985,tt0088944,Commando,notalk,notalk,FAIL,10000000,35073978,35073978,1985FAIL,21650558,75937118,75937118,NA,NA
1985,tt0088993,Day of the Dead,nowomen,nowomen,FAIL,18000000,NA,NA,1985FAIL,38971004,NA,NA,NA,NA
1985,tt0089457,Ladyhawke,nowomen,nowomen,FAIL,20000000,18400000,18400000,1985FAIL,43301115,39837026,39837026,NA,NA
1985,tt0089469,Legend,dubious,dubious,FAIL,25000000,15502112,15502112,1985FAIL,54126394,33562937,33562937,NA,NA
1985,tt0091578,My Beautiful Laundrette,men,men,FAIL,400000,NA,NA,1985FAIL,866022,NA,NA,NA,NA
1985,tt0089893,Red Sonja,ok,ok,PASS,17900000,6905861,6905861,1985PASS,38754498,14951574,14951574,NA,NA
1985,tt0089908,Return to Oz,ok,ok,PASS,27000000,10618813,10618813,1985PASS,58456506,22990322,22990322,NA,NA
1985,tt0088939,The Color Purple,ok,ok,PASS,15000000,93589701,93589701,1985PASS,32475836,202626921,202626921,NA,NA
1984,tt0087800,A nightmare on Elm Street,men-disagree,men,FAIL,35000000,63075011,117729621,1984FAIL,78450540,141379105,263884353,NA,NA
1984,tt0086879,Amadeus,ok-disagree,ok,PASS,18000000,51973029,51973029,1984PASS,40345992,116494634,116494634,NA,NA
1984,tt0086960,Beverly Hills Cop,nowomen,nowomen,FAIL,15000000,234760478,316300000,1984FAIL,33621660,526202467,708968739,NA,NA
1984,tt0086984,Body Double,men,men,FAIL,10000000,8801940,8801940,1984FAIL,22414440,19729056,19729056,NA,NA
1984,tt0087078,Conan the Destroyer,dubious,dubious,FAIL,18000000,26400000,26400000,1984FAIL,40345992,59174122,59174122,NA,NA
1984,tt0087182,Dune,dubious-disagree,dubious,FAIL,45000000,27447471,27447471,1984FAIL,100864980,61521969,61521969,NA,NA
1984,tt0087298,Friday the 13th Part IV: The Final Chapter,ok,ok,PASS,2600000,32980880,32980880,1984PASS,5827754,73924796,73924796,NA,NA
1984,tt0087332,Ghostbusters,notalk-disagree,notalk,FAIL,30000000,238632124,291632124,1984FAIL,67243320,534880544,653677077,NA,NA
1984,tt0087363,Gremlins,notalk-disagree,notalk,FAIL,11000000,148168459,148168459,1984FAIL,24655884,332111304,332111304,NA,NA
1984,tt0087469,Indiana Jones and the Temple of Doom,nowomen,nowomen,FAIL,28000000,179880271,333080271,1984FAIL,62760432,403191555,746580777,NA,NA
1984,tt0087928,Police Academy,dubious,dubious,FAIL,4500000,81198894,81198894,1984FAIL,10086498,182002774,182002774,NA,NA
1984,tt0087995,Repo Man,men,men,FAIL,1500000,2300000,2300000,1984FAIL,3362166,5155321,5155321,NA,NA
1984,tt0088161,Splash,notalk,notalk,FAIL,8000000,62599495,62599495,1984FAIL,17931552,140313263,140313263,NA,NA
1984,tt0088170,Star Trek III: The Search for Spock,notalk,notalk,FAIL,18000000,76471046,8.70E+07,1984FAIL,40345992,171405568,195005629,NA,NA
1984,tt0087538,The Karate Kid,ok,ok,PASS,40000000,176591618,359091618,1984PASS,89657760,395820224,804883755,NA,NA
1984,tt0088247,The Terminator,men-disagree,men,FAIL,6400000,38019031,78019031,1984FAIL,14345242,85217529,174875289,NA,NA
1983,tt0085549,Flashdance,ok,ok,PASS,7000000,90463574,201463574,1983PASS,16375486,211626424,471294841,NA,NA
1983,tt0086190,Star Wars: Episode VI - Return of the Jedi,nowomen-disagree,nowomen,FAIL,32500000,309205079,572700000,1983FAIL,76029041,723340482,1339748672,NA,NA
1983,tt0086393,Superman III,ok,ok,PASS,39000000,59950623,59950623,1983PASS,91234849,140245796,140245796,NA,NA
1983,tt0086541,Videodrome,men,men,FAIL,5952000,2120439,2120439,1983FAIL,13923842,4960460,4960460,NA,NA
1983,tt0086567,WarGames,notalk,notalk,FAIL,12000000,74433837,74433837,1983FAIL,28072261,174127177,174127177,NA,NA
1982,tt0083658,Blade Runner,notalk,notalk,FAIL,28000000,32656328,33139618,1982FAIL,67571504,78808471,79974780,NA,NA
1982,tt0083722,Cat People,ok,ok,PASS,12500000,7.00E+06,2.10E+07,1982PASS,30165850,16892876,50678628,NA,NA
1982,tt0082198,Conan the Barbarian,notalk,notalk,FAIL,20000000,38264085,79114085,1982FAIL,48265360,92341492,190923490,NA,NA
1982,tt0083833,Diner,notalk,notalk,FAIL,5000000,12592907,12592907,1982FAIL,12066340,30390060,30390060,NA,NA
1982,tt0083866,E.T.: The Extra-Terrestrial,dubious,dubious,FAIL,10500000,435110554,792965326,1982FAIL,25339314,1050038377,1913637848,NA,NA
1982,tt0083929,Fast Times at Ridgemont High,men,men,FAIL,4500000,27092880,27092880,1982FAIL,10859706,65382380,65382380,NA,NA
1982,tt0083944,First Blood,nowomen,nowomen,FAIL,14000000,47212904,125212904,1982FAIL,33785752,113937390,302172295,NA,NA
1982,tt0083972,Friday the 13th Part III,dubious,dubious,FAIL,2250000,36690067,36690067,1982FAIL,5429853,88542965,88542965,NA,NA
1982,tt0084516,Poltergeist,ok,ok,PASS,10700000,74706019,121706019,1982PASS,25821968,180285645,293709241,NA,NA
1982,tt0084522,Porky's,men,men,FAIL,4000000,109492484,109492484,1982FAIL,9653072,264234708,264234708,NA,NA
1982,tt0084726,Star Trek: The Wrath of Khan,dubious-disagree,dubious,FAIL,12000000,79912963,96800000,1982FAIL,28959216,192851397,233604343,NA,NA
1982,tt0083642,The Best Little Whorehouse in Texas,ok,ok,PASS,20500000,69701637,69701637,1982PASS,49471994,168208730,168208730,NA,NA
1982,tt0084805,Tootsie,notalk-disagree,notalk,FAIL,15000000,177200000,177200000,1982FAIL,36199020,427631090,427631090,NA,NA
1982,tt0084827,TRON,nowomen-disagree,nowomen,FAIL,17000000,26918576,26918576,1982FAIL,41025556,64961738,64961738,NA,NA
1981,tt0082096,Das Boot,nowomen,nowomen,FAIL,12000000,11487676,84970337,1981FAIL,30742635,29430119,217684336,NA,NA
1981,tt0082340,Escape from New York,nowomen-disagree,nowomen,FAIL,6000000,25244700,25244700,1981FAIL,15371317,64674049,64674049,NA,NA
1981,tt0082418,Friday the 13th Part 2,notalk,notalk,FAIL,1250000,21722776,21722776,1981FAIL,3202358,55651281,55651281,NA,NA
1981,tt0082495,Halloween II,ok,ok,PASS,2500000,25533818,25533818,1981PASS,6404716,65414737,65414737,NA,NA
1981,tt0082509,Heavy Metal,notalk,notalk,FAIL,9300000,19571091,19571091,1981FAIL,23825542,50138908,50138908,NA,NA
1981,tt0082517,History of the World: Part I,notalk-disagree,notalk,FAIL,11000000,31672000,31672000,1981FAIL,28180748,81140060,81140060,NA,NA
1981,tt0082971,Raiders of the Lost Ark,nowomen-disagree,nowomen,FAIL,20000000,248159971,389925971,1981FAIL,51237724,635757611,998945973,NA,NA
1981,tt0083907,The Evil Dead,notalk,notalk,FAIL,375000,2400000,29400000,1981FAIL,960707,6148527,75319455,NA,NA
1981,tt0081633,Time Bandits,notalk,notalk,FAIL,12000000,37400000,37400000,1981FAIL,30742635,95814545,95814545,NA,NA
1980,tt0080339,Airplane!,dubious,dubious,FAIL,3500000,83453539,83453539,1980FAIL,9897188,235987236,235987236,NA,NA
1980,tt0080492,Can't Stop the Music,ok,ok,PASS,20000000,2.00E+06,2.00E+06,1980PASS,56555357,5655536,5655536,NA,NA
1980,tt0080716,Fame,ok,ok,PASS,18000000,22455510,77956957,1980PASS,50899822,63498970,220444178,NA,NA
1980,tt0080745,Flash Gordon,dubious,dubious,FAIL,35000000,27107960,27107960,1980FAIL,98971875,76655018,76655018,NA,NA
1980,tt0080761,Friday the 13th,men-disagree,men,FAIL,17000000,65002019,91700771,1980FAIL,48072054,183810620,259308493,NA,NA
1980,tt0080855,Heaven's Gate,nowomen,nowomen,FAIL,44000000,3484331,3484331,1980FAIL,124421786,9852879,9852879,NA,NA
1980,tt0081375,Private Benjamin,ok,ok,PASS,15000000,69847348,69847348,1980PASS,42416518,197512086,197512086,NA,NA
1980,tt0081398,Raging Bull,notalk,notalk,FAIL,18000000,23380203,23380203,1980FAIL,50899822,66113787,66113787,NA,NA
1980,tt0081534,Somewhere in Time,men,men,FAIL,5100000,9709597,9709597,1980FAIL,14421616,27456486,27456486,NA,NA
1980,tt0080684,Star Wars: Episode V - The Empire Strikes Back,nowomen-disagree,nowomen,FAIL,23000000,290271960,534171960,1980FAIL,65038661,820821721,1510514303,NA,NA
1980,tt0081573,Superman II,dubious,dubious,FAIL,54000000,108185706,108185706,1980FAIL,152699465,305924063,305924063,NA,NA
1980,tt0080455,The Blues Brothers,notalk,notalk,FAIL,27000000,57229890,57229890,1980FAIL,76349732,161832844,161832844,NA,NA
1980,tt0080749,The Fog,ok,ok,PASS,18000000,29511112,37048526,1980PASS,50899822,83450574,104764631,NA,NA
1980,tt0081505,The Shining,men-disagree,men,FAIL,19000000,44017374,44017374,1980FAIL,53727589,124470916,124470916,NA,NA
1979,tt0078748,Alien,ok,ok,PASS,9000000,80930630,203630630,1979PASS,28886103,259752278,653566146,NA,NA
1979,tt0078788,Apocalypse Now,nowomen-disagree,nowomen,FAIL,31500000,78800000,78800000,1979FAIL,101101360,252913878,252913878,NA,NA
1979,tt0079574,Moonraker,notalk,notalk,FAIL,31000000,70300000,210300000,1979FAIL,99496576,225632559,674971936,NA,NA
1979,tt0079945,Star Trek: The Motion Picture,notalk,notalk,FAIL,35000000,82258456,1.39E+08,1979FAIL,112334844,264014024,446129810,NA,NA
1979,tt0078767,The Amityville Horror,ok,ok,PASS,18500000,65233369,109175673,1979PASS,59376989,209370867,350406635,NA,NA
1978,tt0077975,Animal House,men,men,FAIL,3000000,141600000,141600000,1978FAIL,10712118,505611968,505611968,NA,NA
1978,tt0077402,Dawn of the Dead,nowomen,nowomen,FAIL,28000000,58990765,103452875,1978FAIL,99979768,210638678,369399800,NA,NA
1978,tt0077405,Days of Heaven,ok,ok,PASS,3000000,3446749,3660880,1978PASS,10712118,12307327,13071926,NA,NA
1978,tt0077631,Grease,ok,ok,PASS,6000000,181813770,387513770,1978PASS,21424236,649203517,1383697739,NA,NA
1978,tt0077651,Halloween,dubious,dubious,FAIL,15000000,58269151,77514401,1978FAIL,53560590,208062006,276781136,NA,NA
1978,tt0077713,I Spit on Your Grave,nowomen,nowomen,FAIL,1750000,93051,1278471,1978FAIL,6248735,332258,4565044,NA,NA
1978,tt0078346,Superman,notalk,notalk,FAIL,55000000,134218018,300200000,1978FAIL,196388829,479253080,1071925937,NA,NA
1978,tt0077416,The Deer Hunter,notalk,notalk,FAIL,15000000,5.00E+07,5.00E+07,1978FAIL,53560590,178535299,178535299,NA,NA
1977,tt0075784,A Bridge Too Far,notalk,notalk,FAIL,26000000,50800000,50800000,1977FAIL,99921804,195231833,195231833,NA,NA
1977,tt0075686,Annie Hall,ok,ok,PASS,4000000,38251425,38251425,1977PASS,15372585,147005823,147005823,NA,NA
1977,tt0075860,Close Encounters of the Third Kind,notalk,notalk,FAIL,20000000,1.66E+08,337700000,1977FAIL,76862926,637962288,1297830510,NA,NA
1977,tt0074486,Eraserhead,nowomen,nowomen,FAIL,100000,7.00E+06,7.00E+06,1977FAIL,384315,26902024,26902024,NA,NA
1977,tt0076141,High Anxiety,notalk,notalk,FAIL,3400000,31063038,31063038,1977FAIL,13066697,119379800,119379800,NA,NA
1977,tt0076245,Julia,ok,ok,PASS,6000000,65108,1365108,1977PASS,23058878,250220,5246310,NA,NA
1977,tt0076759,Star Wars,notalk,notalk,FAIL,11000000,460998007,797900000,1977FAIL,42274609,1771682790,3066446442,NA,NA
1976,tt0074156,Assault on Precinct 13,notalk,notalk,FAIL,30000000,20040895,36040895,1976FAIL,122754817,82003880,147473116,NA,NA
1976,tt0074512,Family Plot,ok,ok,PASS,3000000,13200000,13200000,1976PASS,12275482,54012120,54012120,NA,NA
1976,tt0074812,Logan's Run,men,men,FAIL,7000000,2.50E+07,2.50E+07,1976FAIL,28642791,102295681,102295681,NA,NA
1976,tt0074958,Network,ok,ok,PASS,3800000,23689877,23689877,1976PASS,15548943,96934884,96934884,NA,NA
1976,tt0075148,Rocky,notalk,notalk,FAIL,1000000,117235147,2.25E+08,1976FAIL,4091827,479705967,920661128,NA,NA
1976,tt0075222,Silent Movie,notalk,notalk,FAIL,4400000,36145695,36145695,1976FAIL,18004040,147901939,147901939,NA,NA
1976,tt0075249,Sparkle,ok,ok,PASS,10000000,24397469,24660323,1976PASS,40918272,99830228,100905781,NA,NA
1976,tt0075314,Taxi Driver,notalk,notalk,FAIL,1000000,28262574,28262574,1976FAIL,4091827,115645570,115645570,NA,NA
1975,tt0072684,Barry Lyndon,notalk,notalk,FAIL,11000000,2.00E+07,2.00E+07,1975FAIL,47609104,86562007,86562007,NA,NA
1975,tt0073195,Jaws,notalk,notalk,FAIL,12000000,2.60E+08,470700000,1975FAIL,51937204,1125306085,2037236823,NA,NA
1975,tt0071853,Monty Python and the Holy Grail,men,men,FAIL,400000,3427696,5028948,1975FAIL,1731240,14835412,21765791,NA,NA
1975,tt0073486,One Flew Over the Cuckoo's Nest,men,men,FAIL,4400000,108981275,108981275,1975FAIL,19043641,471681892,471681892,NA,NA
1975,tt0073629,The Rocky Horror Picture Show,dubious-disagree,dubious,FAIL,1200000,139876417,139876417,1975FAIL,5193720,605399166,605399166,NA,NA
1974,tt0071222,Black Christmas,ok,ok,PASS,9000000,16235738,16235738,1974PASS,42513535,76693179,76693179,NA,NA
1974,tt0071230,Blazing Saddles,notalk,notalk,FAIL,2600000,119500000,119500000,1974FAIL,12281688,564485269,564485269,NA,NA
1974,tt0071360,The Conversation,notalk,notalk,FAIL,1600000,4420000,4420000,1974FAIL,7557962,20878869,20878869,NA,NA
1974,tt0071562,The Godfather: Part II,ok,ok,PASS,13000000,57300000,57300000,1974PASS,61408439,270669505,270669505,NA,NA
1974,tt0072271,The Texas Chain Saw Massacre,notalk,notalk,FAIL,140000,26572439,26572439,1974FAIL,661322,125520924,125520924,NA,NA
1974,tt0072308,The Towering Inferno,notalk,notalk,FAIL,140000,26572439,26572439,1974FAIL,661322,125520924,125520924,NA,NA
1974,tt0072431,Young Frankenstein,men,men,FAIL,2800000,86300000,86300000,1974FAIL,13226433,407657562,407657562,NA,NA
1973,tt0069704,American Graffiti,men,men,FAIL,777000,1.15E+08,1.40E+08,1973FAIL,4074506,603047833,734145189,NA,NA
1973,tt0068699,High Plains Drifter,notalk,notalk,FAIL,15700000,15700000,15700000,1973FAIL,82329139,82329139,82329139,NA,NA
1973,tt0070707,Sleeper,notalk,notalk,FAIL,2000000,18344729,18344729,1973FAIL,10487788,96197818,96197818,NA,NA
1973,tt0070047,The Exorcist,ok,ok,PASS,12000000,204868002,402735134,1973PASS,62926730,1074306128,2111900435,NA,NA
1973,tt0070735,The Sting,notalk,notalk,FAIL,5500000,159616327,159616327,1973FAIL,28841418,837011132,837011132,NA,NA
1972,tt0068156,1776,notalk,notalk,FAIL,4000000,NA,NA,1972FAIL,22288557,NA,NA,NA,NA
1972,tt0069089,Pink Flamingos,ok,ok,PASS,12000,413802,413802,1972PASS,66866,2305762,2305762,NA,NA
1972,tt0068646,The Godfather,notalk-disagree,notalk,FAIL,7000000,134966411,268500000,1972FAIL,39004975,752051643,1496119403,NA,NA
1971,tt0067065,Escape from the Planet of the Apes,notalk,notalk,FAIL,2500000,12300000,12300000,1971FAIL,14386286,70780525,70780525,NA,NA
1971,tt0067741,Shaft,notalk,notalk,FAIL,53012938,70327868,107190108,1971FAIL,305063707,404702718,616827003,NA,NA
1971,tt0067800,Straw Dogs,notalk,notalk,FAIL,25000000,10324441,11253821,1971FAIL,143862856,59412143,64760273,NA,NA
1971,tt0067116,The French Connection,notalk,notalk,FAIL,2200000,41158757,41158757,1971FAIL,12659931,236848653,236848653,NA,NA
1971,tt0067992,Willy Wonka & the Chocolate Factory,men-disagree,men,FAIL,3000000,4.00E+06,4.00E+06,1971FAIL,17263543,23018057,23018057,NA,NA
1970,tt0065466,Beyond the Valley of the Dolls,ok,ok,PASS,1000000,9.00E+06,9.00E+06,1970PASS,5997631,53978683,53978683,NA,NA